,ÀÌ¸§,ÆÀ,ÃâÀå,¿ÏÅõ,¿ÏºÀ,¼±¹ß,½Â,ÆÐ,¼¼ÀÌºê,È¦µå,ÀÌ´×,½ÇÁ¡,ÀÚÃ¥,Å¸ÀÚ,ÇÇ¾ÈÅ¸,ÇÇ2·ç,ÇÇ3·ç,ÇÇÈ¨·±,º¼³Ý,°íÀÇ»ç±¸,»ç±¸,Å»»ïÁø,º¸Å©,ÆøÅõ,ERA,FIP,WHIP,ERA+,FIP+,WAR,WPA,birth,pid
175,°¡ºô¸®¿À,21S,15,0,0,15,6,4,0,0,81.1,54,53,351,88,18,0,7,30,1,6,70,0,3,5.86,4.02,1.45,76.5,113.0,0.02,-0.68,1990-05-22,20000
229,°­°æÇÐ,21ÇÑ,1,0,0,0,0,0,0,0,0.2,4,4,8,3,1,0,0,2,0,1,0,0,0,54.00,16.83,7.50,8.1,26.6,-0.14,0.00,1992-08-11,20001
274,°­µ¿¿¬,21N,12,0,0,3,3,2,0,1,23.0,21,20,109,25,4,1,4,14,0,0,14,0,3,7.83,6.20,1.70,58.0,73.1,-0.37,-1.28,1992-12-18,20002
184,°­µ¿È£,21·Ô,1,0,0,0,0,0,0,0,1.1,1,1,7,1,1,0,0,1,0,1,1,0,1,6.75,6.33,1.50,67.3,70.8,0.00,0.00,1994-04-21,20003
271,°­À±±¸,21N·Ô,22,0,0,1,0,1,0,3,16.0,15,15,79,21,4,0,3,14,1,1,15,0,0,8.44,6.52,2.19,53.9,68.6,-0.33,-0.91,1990-07-10,20004
18,°­Àç¹Î,21ÇÑ,58,0,0,0,2,1,5,13,63.1,16,15,269,51,13,0,2,26,3,5,55,1,1,2.13,3.33,1.22,205.5,133.7,3.12,1.10,1997-04-03,20005
225,°­Áö±¤,21S,1,0,0,0,0,0,0,0,1.0,4,4,10,3,0,0,0,4,0,0,1,0,0,36.00,13.33,7.00,12.5,33.5,-0.13,-0.00,1990-10-23,20006
183,°­ÅÂ°æ,21N,3,0,0,3,0,1,0,0,12.2,8,8,61,13,3,0,2,10,0,2,10,0,2,5.68,6.65,1.82,79.9,68.0,0.01,-0.36,2001-07-26,20007
179,°­ÅÂÀ²,21·Ô,1,0,0,0,0,0,0,0,0.1,0,0,3,2,1,0,0,0,0,0,0,0,0,0.00,3.33,6.00,,133.6,0.01,0.00,1996-11-01,20008
221,°íºÀÀç,21µÎ,1,0,0,0,0,0,0,0,1.1,4,4,8,5,0,0,1,0,0,0,0,0,0,27.00,13.08,3.75,16.0,31.3,-0.12,0.00,1993-05-14,20009
265,°í¿µÃ¢,21K,24,0,0,0,0,2,0,6,23.1,19,15,108,30,6,0,0,10,0,2,6,0,0,5.79,4.36,1.71,76.9,102.5,-0.28,-0.44,1989-02-24,20010
2,°í¿µÇ¥,21K,26,1,1,25,11,6,0,1,166.2,59,54,664,147,20,2,9,27,1,14,130,0,1,2.92,3.19,1.04,154.0,139.2,5.23,2.27,1991-09-16,20011
17,°í¿ì¼®,21L,63,0,0,0,1,5,30,0,58.0,15,14,240,47,10,1,3,23,5,3,68,0,1,2.17,2.75,1.21,198.6,157.6,3.13,-0.20,1998-08-06,20012
167,°íÈ¿ÁØ,21L,3,0,0,0,0,0,0,0,2.1,1,1,10,3,0,1,0,0,0,0,1,0,0,3.86,2.48,1.29,111.8,180.1,0.04,-0.14,1983-02-08,20013
53,°ûºó,21µÎ,21,0,0,21,4,7,0,0,98.2,50,45,455,78,17,3,7,79,0,12,96,1,6,4.10,5.08,1.59,105.1,85.6,1.33,-0.30,1999-05-28,20014
56,±¸½Â¹Î,21·Ô,68,0,0,0,6,5,0,20,62.1,30,30,262,47,7,2,5,31,0,4,65,1,4,4.33,3.97,1.25,104.9,112.4,1.27,0.30,1990-06-12,20015
261,±¸ÁØ¹ü,21»ï,1,0,0,1,0,0,0,0,2.0,5,5,12,2,0,0,2,3,0,1,1,0,0,22.50,21.33,2.50,20.1,21.7,-0.27,-0.37,1995-03-18,20016
83,±ÇÈÖ,21µÎ,24,0,0,0,0,0,0,1,20.1,6,6,92,16,3,0,0,14,0,2,15,0,3,2.66,4.22,1.48,162.4,105.0,0.60,0.13,2000-12-07,20017
30,±è°­·ü,21µÎ,50,0,0,0,3,0,21,3,51.2,15,12,230,54,7,2,2,25,4,1,41,0,4,2.09,3.53,1.53,206.4,124.0,2.49,1.80,1988-08-28,20018
194,±è°­¹Î,21S,1,0,0,0,0,0,0,0,0.2,1,1,4,1,0,0,1,1,0,0,1,0,0,13.50,24.33,3.00,33.2,19.1,-0.02,0.00,1982-09-13,20019
190,±è°Ç±¹,21·Ô,13,0,0,0,0,0,0,0,22.0,16,16,104,27,8,0,3,14,0,0,17,0,2,6.55,5.47,1.86,69.4,81.6,-0.01,0.09,1988-02-02,20020
178,±è°Ç¿ì,21S,6,0,0,4,0,1,0,0,11.0,7,6,54,8,1,0,1,12,0,0,7,0,1,4.91,6.51,1.82,91.4,69.2,0.02,-0.10,2002-07-12,20021
163,±è°ÇÅÂ,21N,6,0,0,0,0,0,0,0,6.2,4,4,29,2,0,0,1,7,0,0,5,0,3,5.40,6.93,1.35,84.1,65.3,0.05,-0.27,1991-10-02,20022
102,±è±âÁß,21ÇÑ,15,0,0,12,2,4,0,0,53.2,32,28,260,63,10,1,4,36,2,4,36,2,0,4.70,5.08,1.85,93.3,87.8,0.33,-0.62,2002-11-16,20023
248,±è±âÅ¹,21ÇÑ,19,0,0,0,0,0,0,4,12.1,10,8,58,14,4,1,0,7,0,1,12,0,0,5.84,3.33,1.70,75.0,133.8,-0.21,-0.31,1998-09-30,20024
276,±è´ë¿ì,21»ï,31,0,0,4,0,2,0,1,51.0,39,36,234,68,18,0,7,15,1,2,27,0,1,6.35,5.00,1.63,71.0,91.0,-0.39,-1.41,1988-11-21,20025
139,±è´ë¿ì,21·Ô,39,0,0,0,2,2,0,9,35.1,22,20,160,32,7,0,4,24,0,4,31,0,5,5.09,5.43,1.59,89.2,82.3,0.12,-0.71,1984-07-26,20026
34,±è´ëÀ¯,21L,64,0,0,0,4,1,0,24,50.2,13,12,209,32,1,0,2,15,0,9,56,0,2,2.13,3.06,0.93,202.4,142.4,2.09,1.85,1991-05-08,20027
264,±è´ëÇö,21L,4,0,0,0,0,0,0,0,3.2,8,5,23,7,4,0,2,3,0,1,4,0,1,12.27,11.51,2.73,35.1,36.1,-0.28,-0.06,1997-03-08,20028
145,±èµµ±Ô,21·Ô,43,0,0,0,2,1,0,5,42.0,28,27,182,41,5,1,3,22,1,0,39,0,2,5.79,3.90,1.50,78.6,114.2,0.10,0.51,1998-07-11,20029
169,±èµµÀ±,21µÎ,1,0,0,0,0,0,0,0,1.0,0,0,3,0,0,0,0,0,0,0,2,0,0,0.00,-0.67,0.00,,-651.2,0.04,0.00,2002-06-28,20030
233,±èµ¿¿ì,21·Ô,5,0,0,0,0,0,0,0,5.0,7,6,30,10,0,0,1,5,0,0,3,0,2,10.80,7.73,3.00,42.1,57.8,-0.15,-0.02,1995-10-01,20031
198,±èµ¿¿í,21Å°,3,0,0,0,0,0,0,0,3.0,3,3,16,7,0,1,2,1,0,0,2,0,0,9.00,11.67,2.67,49.3,35.7,-0.04,-0.00,1997-05-16,20032
119,±èµ¿Çõ,21Å°,40,0,0,8,0,5,1,0,82.0,51,47,367,89,21,0,5,34,4,14,30,1,0,5.16,5.00,1.50,85.9,87.6,0.25,-1.57,2001-12-27,20033
84,±è¸í½Å,21µÎ,58,0,0,1,3,2,0,2,67.0,37,32,289,72,14,3,6,14,1,6,43,0,1,4.30,4.06,1.28,100.3,105.9,0.58,-0.19,1993-11-29,20034
256,±è¹Î±Ô,21µÎ,31,0,0,6,2,3,0,1,56.1,40,38,262,64,10,0,9,28,0,4,39,0,3,6.07,5.73,1.63,71.0,74.4,-0.22,-0.67,1999-05-07,20035
60,±è¹Î¼ö,21K,56,0,0,1,4,2,0,11,58.0,25,19,253,56,8,1,2,24,3,3,55,1,3,2.95,3.13,1.38,152.3,142.2,1.18,-0.18,1992-07-24,20036
171,±è¹Î¼ö,21·Ô,1,0,0,0,0,0,0,0,1.0,0,0,4,0,0,0,0,1,0,0,1,0,0,0.00,4.33,1.00,,102.8,0.03,0.00,1998-03-18,20037
24,±è¹Î¿ì,21ÇÑ,29,0,0,28,14,10,0,0,155.1,71,69,662,131,23,1,15,76,1,7,125,1,5,4.00,4.56,1.33,109.6,97.7,2.94,0.39,1995-07-25,20038
161,±è¹ü¼ö,21ÇÑ,56,0,0,2,4,9,1,9,70.2,44,41,319,68,11,2,2,42,1,2,70,1,8,5.22,3.55,1.56,83.9,125.8,0.05,-1.36,1995-10-03,20039
105,±è»ó¼ö,21S,50,0,0,0,4,3,6,5,58.1,33,33,273,71,8,0,10,30,3,1,44,0,2,5.09,5.49,1.73,88.1,83.0,0.32,-0.04,1988-01-02,20040
286,±è¼±±â,21Å°,21,0,0,7,3,2,0,0,48.1,38,35,224,53,12,0,5,22,0,7,25,1,4,6.52,5.44,1.55,68.0,79.8,-0.50,-1.40,1991-09-01,20041
69,±è¼º¹Î,21Å°,47,0,0,0,2,3,1,11,46.2,21,17,218,43,7,0,4,35,2,6,36,0,1,3.28,5.41,1.67,135.2,80.4,0.95,0.05,1994-04-26,20042
266,±è¼ºÁø,21Å°,45,0,0,0,1,3,0,2,40.2,30,24,185,40,13,0,4,23,2,0,29,0,3,5.31,4.73,1.55,83.5,91.2,-0.29,-1.01,1997-11-14,20043
231,±è¼¼Çö,21S,5,0,0,0,0,0,0,0,4.1,5,5,28,9,2,0,0,7,1,0,5,1,0,10.38,5.18,3.69,43.2,86.9,-0.14,-0.05,1987-08-07,20044
103,±è¿µ±Ô,21N,37,0,0,8,5,3,0,6,63.2,40,38,286,69,8,0,10,28,0,1,42,0,3,5.37,5.42,1.52,84.5,83.6,0.33,-0.56,2000-02-10,20045
33,±è¿øÁß,21·Ô,61,0,0,0,4,4,35,0,62.2,26,25,268,50,8,0,6,28,4,3,64,0,8,3.59,3.83,1.25,126.6,116.5,2.25,2.20,1993-06-14,20046
295,±èÀ¯½Å,21K,15,0,0,11,2,6,0,0,54.1,47,46,249,63,12,1,11,35,0,2,29,0,0,7.62,6.94,1.80,58.4,63.7,-0.75,-1.61,1999-06-14,20047
240,±èÀ¯¿µ,21·Ô,26,0,0,0,1,0,0,0,18.2,16,15,92,21,4,0,1,14,0,2,17,0,2,7.23,4.78,1.88,62.8,93.4,-0.17,-0.11,1994-05-02,20048
269,±èÀ±¼ö,21»ï,20,0,0,1,0,0,0,1,19.0,18,14,101,25,5,0,2,17,0,1,25,0,4,6.63,4.91,2.21,68.1,91.6,-0.33,-0.65,1999-12-08,20049
87,±èÀ±½Ä,21L,35,0,0,3,7,4,0,1,66.2,37,32,301,65,9,2,3,36,2,6,56,2,0,4.32,4.04,1.52,99.8,108.1,0.54,-0.54,2000-04-03,20050
284,±èÀÌÈ¯,21ÇÑ,14,0,0,5,0,1,0,0,26.0,22,22,132,32,5,0,2,22,0,4,13,0,1,7.62,6.33,2.08,57.5,70.5,-0.46,-0.50,2000-09-15,20051
124,±èÀÎ¹ü,21Å°,3,0,0,0,0,0,0,0,5.1,0,0,20,3,1,0,0,1,0,0,5,0,0,0.00,2.02,0.75,,218.3,0.22,0.03,2000-01-12,20052
96,±èÀç¿­,21K,24,0,0,0,1,0,0,0,32.2,18,14,152,28,4,0,4,18,0,4,18,1,1,3.86,5.84,1.41,115.3,76.0,0.39,-0.19,1996-01-02,20053
70,±èÀç¿õ,21Å°,51,0,0,0,0,1,1,11,53.1,24,21,243,49,2,0,5,33,3,1,47,0,2,3.54,4.53,1.54,125.1,95.2,0.95,0.82,1998-10-22,20054
20,±èÀçÀ±,21K,65,0,0,0,4,3,32,0,67.0,19,18,275,57,8,0,5,24,4,0,64,0,2,2.42,3.29,1.21,185.8,135.2,3.07,1.38,1990-09-16,20055
294,±èÁ¤ºó,21S,6,0,0,6,0,1,0,0,17.1,20,19,92,20,1,0,5,20,0,4,21,0,1,9.87,8.81,2.31,45.5,51.9,-0.72,-1.33,1994-06-08,20056
270,±èÁ¤ÀÎ,21Å°,11,0,0,6,1,2,0,0,31.2,26,25,151,34,6,1,6,18,0,2,21,0,2,7.11,6.36,1.64,62.4,67.4,-0.33,-0.79,1996-06-03,20057
141,±èÁ¾¼ö,21ÇÑ,49,0,0,0,1,1,0,6,46.2,29,25,208,34,10,0,7,32,0,3,38,0,2,4.82,5.90,1.41,90.8,75.5,0.11,-0.20,1994-06-03,20058
152,±èÁÖ¿Â,21S,2,0,0,0,0,0,0,0,2.0,0,0,10,1,1,0,0,2,0,1,3,0,0,0.00,4.83,1.50,,94.1,0.07,0.00,1996-12-08,20059
118,±èÁØÇü,21Å°,14,0,0,0,0,0,0,0,14.1,6,5,67,15,1,0,2,7,0,3,8,0,1,3.14,6.12,1.54,141.2,70.7,0.25,0.07,2002-07-12,20060
130,±èÁö¿ë,21L,3,0,0,0,0,0,0,0,4.0,0,0,16,2,2,0,0,1,0,1,5,0,0,0.00,2.33,0.75,,189.5,0.17,0.02,1988-02-20,20061
303,±èÁø¼º,21N,42,0,0,0,2,4,1,9,37.2,34,30,174,43,10,0,7,18,3,1,37,0,2,7.17,5.06,1.62,63.3,89.9,-1.07,-1.25,1985-03-07,20062
172,±èÁø¼ö,21L,3,0,0,0,0,0,0,0,2.1,1,1,9,2,1,0,0,0,0,0,2,0,0,3.86,1.62,0.86,111.8,276.3,0.03,-0.04,1998-08-31,20063
100,±èÁø¿µ,21ÇÑ,20,0,0,0,0,1,0,1,18.1,8,8,81,16,3,0,2,14,2,0,8,0,1,3.93,5.84,1.64,111.5,76.5,0.35,-0.10,1992-04-16,20064
136,±èÁø¿í,21·Ô,39,0,0,5,4,6,0,8,45.2,32,32,227,42,9,0,3,49,3,3,45,0,15,6.31,5.44,1.99,72.1,82.0,0.13,-1.26,2002-07-05,20065
244,±èÁøÈ£,21N,1,0,0,1,0,1,0,0,1.0,3,3,7,2,0,0,0,3,0,0,1,0,1,27.00,10.33,5.00,16.8,43.8,-0.19,-0.23,1998-06-07,20066
247,±èÃ¢ÈÆ,21·Ô,6,0,0,0,0,0,0,0,8.0,10,10,41,13,4,0,1,6,0,0,6,0,0,11.25,5.71,2.38,40.4,78.2,-0.20,0.10,2001-11-09,20067
137,±èÅÂ°æ,21N,7,0,0,3,0,0,0,0,15.0,8,8,63,11,4,0,1,9,0,1,10,0,1,4.80,4.87,1.33,94.6,92.6,0.13,-0.05,2001-04-07,20068
241,±èÅÂÇö,21N,6,0,0,0,0,0,0,0,5.1,8,7,32,5,0,0,0,7,0,4,3,0,3,11.81,8.40,2.25,38.4,53.2,-0.18,-0.04,1998-03-21,20069
224,±èÅÂÇü,21L,2,0,0,0,0,0,0,0,1.0,3,3,6,0,0,0,0,2,0,1,1,0,0,27.00,10.33,2.00,16.0,42.6,-0.12,0.01,1998-09-17,20070
159,±èÅÂÈÆ,21S,65,0,0,0,2,4,1,16,58.0,35,32,269,55,5,0,7,39,3,9,49,1,4,4.97,5.54,1.62,90.4,82.1,0.05,-0.06,1990-05-19,20071
44,±èÅÂÈÆ,21Å°,66,0,0,0,4,2,11,15,64.1,26,23,282,60,10,0,1,33,2,1,52,1,3,3.22,3.41,1.45,137.8,128.7,1.67,1.35,1992-03-02,20072
27,±èÅÃÇü,21S,59,0,0,0,5,1,7,4,75.1,23,20,316,61,11,0,3,42,5,3,62,0,3,2.39,3.80,1.37,187.8,118.9,2.83,2.25,1996-10-10,20073
297,±èÇö¼ö,21K,17,0,0,8,1,4,0,0,45.2,43,40,229,57,16,0,8,36,0,3,27,0,1,7.88,6.99,2.04,56.4,63.4,-0.86,-1.36,2000-07-10,20074
164,±èÇöÁØ,21K,19,0,0,0,0,1,0,2,19.2,13,12,83,15,1,0,4,12,0,0,19,0,0,5.49,5.88,1.37,81.0,75.4,0.05,-0.24,1997-06-05,20075
252,³ª±Õ¾È,21·Ô,23,0,0,7,1,2,1,1,46.1,36,33,223,62,13,0,4,24,0,0,27,1,1,6.41,4.84,1.86,70.9,92.1,-0.22,-0.74,1998-03-16,20076
204,³ª¿øÅ¹,21·Ô,2,0,0,0,0,0,0,0,2.0,3,3,10,1,0,1,0,3,0,0,3,0,1,13.50,4.83,2.00,33.7,92.2,-0.06,0.00,1994-08-20,20077
272,³²ÀçÇö,21K,5,0,0,1,0,1,0,1,8.0,13,13,44,10,2,0,2,10,0,0,5,0,1,14.63,9.08,2.50,30.4,48.8,-0.34,0.04,1996-09-13,20078
226,³²Áö¹Î,21ÇÑ,3,0,0,3,0,1,0,0,7.1,6,6,41,9,2,0,1,7,0,3,3,0,0,7.36,8.38,2.18,59.5,53.2,-0.13,-0.24,2001-02-12,20079
218,³²È£,21µÎ,5,0,0,0,0,1,0,0,2.2,3,3,13,3,1,0,0,3,0,0,2,0,0,10.13,5.21,2.25,42.6,85.1,-0.11,-0.15,2000-07-20,20080
296,³ë°æÀº,21·Ô,14,0,0,11,3,5,0,0,56.1,50,46,269,79,16,1,11,24,0,4,35,0,3,7.35,6.12,1.83,61.8,73.1,-0.80,-1.90,1984-03-11,20081
126,³ë¼ºÈ£,21»ï,16,0,0,0,0,2,0,1,19.0,10,10,82,10,1,0,2,14,0,1,19,0,2,4.74,5.07,1.26,95.3,88.9,0.21,-0.57,1989-10-22,20082
150,³ë½ÃÈÆ,21N,5,0,0,0,0,0,0,0,4.2,2,2,22,4,1,0,1,4,0,0,2,0,0,3.86,7.83,1.71,117.7,57.9,0.08,-0.03,1998-08-04,20083
97,´ÙÄ«ÇÏ½Ã,21K,7,0,0,7,1,3,0,0,36.2,22,20,168,46,4,0,4,12,0,4,46,0,4,4.91,3.55,1.58,90.6,125.6,0.37,-0.32,1997-01-23,20084
12,µ¥½ºÆÄÀÌ³×,21K,33,0,0,33,13,10,0,0,188.2,81,71,819,175,30,3,10,78,0,7,165,0,15,3.39,3.62,1.34,132.6,122.7,4.00,0.79,1987-04-04,20085
80,¶óÀÌºí¸®,21»ï,7,0,0,7,0,1,0,0,33.1,16,15,140,23,6,0,4,13,0,5,38,0,0,4.05,4.23,1.08,111.5,107.0,0.66,0.33,1992-03-05,20086
10,·ÎÄÏ,21µÎ,21,1,0,21,9,9,0,0,124.0,44,41,540,132,20,2,5,42,1,12,112,1,1,2.98,3.33,1.40,144.9,130.9,4.12,1.00,1994-05-03,20087
7,·çÄ£½ºÅ°,21N,30,0,0,30,15,10,0,0,178.2,76,63,754,160,24,1,12,55,0,10,177,2,6,3.17,3.32,1.20,143.1,135.9,4.50,1.88,1988-12-30,20088
185,·ù¿ø¼®,21L,6,0,0,0,0,0,0,0,6.0,4,4,28,1,1,0,0,9,0,1,8,0,0,6.00,5.67,1.67,71.9,78.0,0.00,0.04,1989-11-18,20089
62,·ùÁø¿í,21N,44,0,0,0,1,0,1,7,43.1,15,10,190,40,6,1,2,22,0,0,31,0,4,2.08,4.03,1.43,218.6,111.9,1.15,0.55,1996-10-10,20090
104,¸£À§Å°,21S,4,0,0,4,1,0,0,0,14.1,6,6,56,15,3,0,2,2,0,0,9,0,0,3.77,4.31,1.19,119.1,105.7,0.32,0.17,1992-04-08,20091
19,¸æµ§,21K,21,0,0,21,8,3,0,0,120.0,53,48,502,109,18,2,12,35,0,8,104,3,2,3.60,3.97,1.20,123.5,111.9,3.10,0.51,1993-02-19,20092
125,¸ù°í¸Þ¸®,21»ï,11,0,0,11,2,5,0,0,52.0,33,31,244,46,5,1,3,38,0,4,55,0,4,5.37,4.39,1.62,84.1,102.0,0.21,-0.71,1989-07-01,20093
134,¹®°æÂù,21N,35,0,0,0,0,1,0,4,31.0,20,17,142,25,6,0,6,20,1,0,25,0,1,4.94,6.07,1.45,92.0,74.8,0.13,-0.19,1992-07-08,20094
186,¹®´ë¿ø,21µÎ,2,0,0,0,0,0,0,0,1.1,1,1,9,2,0,0,1,2,0,0,1,0,0,6.75,16.08,3.00,63.9,25.8,0.00,0.00,1998-08-22,20095
158,¹®µ¿¿í,21ÇÑ,1,0,0,0,0,0,0,0,1.1,0,0,6,1,0,0,0,1,0,0,2,0,0,0.00,2.58,1.50,,172.9,0.06,0.00,1992-01-07,20096
176,¹®¼ºÇö,21Å°,4,0,0,0,0,0,0,0,3.1,2,2,18,3,2,0,0,6,0,0,3,0,1,5.40,6.93,2.70,82.1,63.4,0.02,-0.01,1991-11-09,20097
54,¹®½Â¿ø,21S,9,0,0,9,2,2,0,0,50.1,20,16,212,42,14,0,1,18,0,2,32,0,1,2.86,3.51,1.19,156.8,127.9,1.33,0.31,1989-11-28,20098
107,¹®¿ëÀÍ,21»ï,22,0,0,0,2,0,0,2,22.0,11,11,98,21,3,0,3,10,0,1,19,0,4,4.50,4.88,1.41,100.3,93.0,0.31,0.28,1995-02-04,20099
0,¹Ì¶õ´Ù,21µÎ,28,1,1,28,14,5,0,0,173.2,49,45,709,135,21,1,11,63,0,1,225,1,7,2.33,2.67,1.14,185.0,161.1,7.10,3.27,1989-01-10,20100
138,¹Ú°Ç¿ì,21K,3,0,0,0,0,0,0,0,3.0,0,0,11,2,0,0,0,1,0,1,3,0,0,0.00,3.33,1.00,,135.1,0.13,0.01,1998-06-03,20101
273,¹Ú°üÁø,21Å°,2,0,0,0,0,0,0,0,0.2,9,6,12,5,1,0,0,3,0,1,0,0,0,81.00,21.33,12.00,5.5,20.8,-0.37,-0.05,1997-03-26,20102
76,¹Ú¹ÎÈ£,21S,40,0,0,0,4,0,0,5,41.0,18,18,177,45,5,0,3,11,0,4,19,0,0,3.95,4.45,1.37,113.6,101.5,0.82,0.16,1992-02-25,20103
149,¹Ú¼±¿ì,21·Ô,1,0,0,0,0,0,0,0,2.0,0,0,9,1,0,0,0,0,0,2,1,0,0,0.00,5.33,0.50,,84.3,0.08,0.00,1997-07-12,20104
11,¹Ú¼¼¿õ,21·Ô,28,1,1,28,10,9,0,0,163.0,75,72,685,141,24,0,20,53,0,10,125,0,17,3.98,4.55,1.19,114.3,98.1,4.01,-0.23,1995-11-30,20105
219,¹Ú¼¼¿õ,21»ï,4,0,0,0,0,0,0,0,3.0,4,3,18,5,0,1,1,3,0,1,2,0,0,9.00,10.33,2.67,50.2,44.2,-0.11,-0.10,1996-05-10,20106
157,¹Ú½ÂÁÖ,21Å°,3,0,0,0,0,0,0,0,4.1,2,2,18,3,1,0,0,3,0,0,1,0,0,4.15,4.95,1.39,106.7,89.4,0.06,-0.00,1994-02-12,20107
58,¹Ú½Ã¿µ,21K,48,0,0,0,3,3,0,12,45.0,16,12,180,30,2,0,4,15,2,1,51,0,5,2.40,3.16,1.00,187.1,141.1,1.23,-0.07,1989-03-10,20108
165,¹Ú¿õ,21µÎ,10,0,0,0,0,0,0,0,11.2,7,7,49,12,1,1,0,4,0,3,7,0,0,5.40,3.93,1.37,79.9,112.5,0.04,-0.02,1997-11-12,20109
239,¹ÚÀç¹Î,21·Ô,5,0,0,0,0,0,0,0,2.2,5,5,13,3,1,0,1,2,0,0,2,0,0,16.88,8.96,1.88,26.9,49.9,-0.17,-0.03,2001-08-27,20110
285,¹ÚÁ¤¼ö,21NµÎ,12,0,0,5,3,3,0,0,30.1,27,25,143,38,9,0,5,14,0,3,26,0,2,7.42,5.44,1.71,59.8,80.9,-0.49,-1.02,1996-01-29,20111
254,¹ÚÁ¾±â,21µÎ,22,0,0,5,0,4,0,0,59.2,42,38,274,69,10,1,3,29,0,3,33,0,3,5.73,4.49,1.64,75.3,97.3,-0.22,-1.66,1995-01-21,20112
45,¹ÚÁ¾ÈÆ,21S,9,0,0,9,4,2,0,0,54.1,19,17,222,40,7,0,2,17,0,7,41,2,0,2.82,3.63,1.05,159.3,124.6,1.61,1.02,1991-08-13,20113
143,¹ÚÁÖ¼º,21Å°,13,0,0,0,0,1,0,0,18.1,11,10,89,24,1,0,1,9,0,2,12,0,1,4.91,4.53,1.80,90.3,96.5,0.11,-0.51,2000-11-09,20114
222,¹ÚÁÖÈ«,21ÇÑ,2,0,0,1,1,1,0,0,3.0,4,4,18,2,0,0,0,9,0,0,3,0,1,12.00,10.33,3.67,36.5,43.4,-0.12,-0.22,1999-08-20,20115
255,¹ÚÁØÇ¥,21K,32,0,0,0,2,4,0,4,32.0,24,21,158,42,9,1,3,17,0,9,18,0,0,5.91,5.86,1.84,75.3,75.9,-0.22,-1.48,1992-06-26,20116
98,¹ÚÁø¿ì,21N,9,0,0,0,0,0,0,1,11.0,2,2,44,6,2,0,0,5,0,1,12,0,1,1.64,2.79,1.00,277.5,160.3,0.36,-0.01,1990-02-12,20117
174,¹ÚÁøÅÂ,21K,59,0,0,0,3,3,0,9,65.0,44,43,305,68,11,0,6,36,0,13,45,0,5,5.95,5.41,1.60,74.7,82.3,0.02,-1.08,1994-10-19,20118
251,¹ÚÁøÇü,21·Ô,22,0,0,0,2,1,0,0,16.0,14,14,81,25,6,2,1,10,1,0,23,0,0,7.88,2.96,2.19,57.7,150.5,-0.22,-0.43,1994-06-10,20119
101,¹ÚÄ¡±¹,21µÎ,23,0,0,0,2,1,0,8,22.0,11,10,95,21,5,0,2,11,3,1,20,0,1,4.09,3.92,1.46,105.4,109.5,0.34,0.58,1998-03-10,20120
123,¹èµ¿Çö,21ÇÑ,20,0,0,4,1,3,0,0,38.0,21,19,177,34,9,1,3,25,0,4,26,2,1,4.50,5.28,1.55,97.3,84.5,0.23,-0.76,1998-03-16,20121
109,¹è¹Î¼­,21N,32,0,0,2,1,0,0,0,40.0,26,22,187,51,6,0,3,17,0,4,23,0,3,4.95,4.73,1.70,91.7,95.1,0.30,0.40,1999-11-18,20122
151,¹è¼º±Ù,21·Ô,2,0,0,0,0,0,0,0,2.0,0,0,9,2,0,0,0,1,0,0,1,0,0,0.00,3.83,1.50,,116.2,0.08,0.00,1995-04-27,20123
110,¹èÀçÁØ,21L,15,0,0,6,2,2,0,0,32.2,17,15,151,42,10,0,1,13,0,3,23,0,1,4.13,3.79,1.68,104.4,115.7,0.30,-0.48,1994-11-24,20124
29,¹èÁ¦¼º,21K,26,0,0,26,9,10,0,0,141.2,67,58,621,126,27,1,6,82,1,1,136,0,9,3.68,3.70,1.47,121.9,120.3,2.55,0.35,1996-09-29,20125
82,¹é½ÂÇö,21L,16,0,0,0,0,0,0,1,16.2,4,4,66,13,2,0,0,4,0,2,10,0,0,2.16,3.21,1.02,199.7,138.1,0.61,0.51,1995-05-26,20126
1,¹éÁ¤Çö,21»ï,27,0,0,27,14,5,0,0,157.2,54,46,648,142,25,1,15,54,2,2,109,0,5,2.63,4.21,1.24,171.9,107.3,5.27,1.78,1987-07-13,20127
211,º¯½Ã¿ø,21K,1,0,0,0,0,0,0,0,0.2,2,2,7,1,0,0,0,3,0,1,0,0,0,27.00,21.33,6.00,16.5,21.0,-0.09,-0.03,1993-04-01,20128
6,ºäÄ³³Í,21»ï,30,1,1,30,16,5,0,0,177.0,71,61,758,173,25,4,13,59,2,2,162,0,7,3.10,3.46,1.31,145.5,130.3,4.54,1.66,1989-05-11,20129
35,ºê·è½º,21K,13,0,0,13,3,5,0,0,78.0,34,29,333,93,12,1,4,16,0,1,55,0,0,3.35,3.24,1.40,132.9,137.5,2.08,0.54,1990-04-27,20130
48,ºê¸®°Ë,21Å°,10,0,0,10,7,3,0,0,61.0,25,20,250,49,8,0,6,26,0,4,49,0,3,2.95,4.48,1.23,150.2,96.4,1.44,0.30,1988-02-10,20131
212,¼­±Õ,21ÇÑ,3,0,0,0,0,0,0,0,1.2,2,2,10,2,0,0,0,0,0,2,0,0,0,10.80,6.93,1.20,40.6,64.1,-0.09,-0.19,1992-01-11,20132
267,¼­´ö¿ø,21K,24,0,0,0,1,0,0,1,32.2,28,27,148,36,8,1,7,14,0,0,24,0,5,7.44,5.94,1.53,59.8,74.4,-0.29,-0.82,1993-07-12,20133
122,¼­µ¿¹Î,21S,20,0,0,0,0,0,0,0,26.1,15,15,118,27,4,1,5,17,0,1,24,0,1,5.13,6.03,1.67,87.5,75.7,0.23,0.08,1994-03-07,20134
290,¼­ÁØ¿ø,21·Ô,26,0,0,8,1,3,0,3,54.0,46,44,257,72,13,2,5,29,3,2,37,0,1,7.33,4.72,1.87,62.0,94.4,-0.65,-1.07,2000-11-05,20135
42,¼­Áø¿ë,21S,65,0,0,0,7,5,9,3,67.1,28,25,297,57,8,1,9,43,7,0,62,0,3,3.34,4.83,1.49,134.3,94.3,1.70,-1.92,1992-10-02,20136
249,¼ÒÀÌÇö,21N,10,0,0,0,0,0,0,0,10.2,12,8,59,13,3,0,1,12,0,0,10,0,1,6.75,6.05,2.34,67.3,74.8,-0.21,-0.22,1999-02-09,20137
65,¼ÒÇüÁØ,21K,24,0,0,24,7,7,0,0,119.0,67,55,521,123,17,0,6,51,1,4,85,0,5,4.16,3.92,1.46,108.0,113.3,1.02,-0.52,2001-09-16,20138
191,¼ÕÁ¤¿í,21N,15,0,0,0,1,0,0,0,12.1,9,9,61,17,2,3,1,7,0,0,8,0,1,6.57,4.79,1.95,69.1,94.2,-0.02,-0.45,1990-12-24,20139
289,¼ÕÁÖ¿µ,21L,7,0,0,6,1,3,0,0,26.2,25,25,127,31,7,2,4,20,0,1,21,0,1,8.44,6.07,1.91,51.1,70.6,-0.63,-0.88,1998-12-02,20140
140,¼Û¸í±â,21N,24,0,0,24,8,9,0,0,123.1,83,81,574,147,39,2,12,58,1,9,102,1,2,5.91,4.55,1.66,76.8,99.3,0.11,-0.74,2000-08-09,20141
120,¼ÛÀ±ÁØ,21ÇÑ,17,0,0,0,0,0,0,2,12.2,5,5,55,12,2,0,1,6,1,2,8,0,0,3.55,4.75,1.42,123.3,93.8,0.24,-0.02,1992-07-16,20142
92,¼ÛÀº¹ü,21L,35,0,0,0,2,2,0,4,37.1,18,17,155,34,7,0,1,13,1,2,19,0,4,4.10,3.79,1.26,105.3,116.0,0.43,0.37,1984-03-17,20143
300,¼ÛÀç¿µ,21·Ô,19,0,0,0,0,2,0,1,14.2,23,22,79,24,6,0,3,12,0,1,13,0,1,13.50,6.88,2.46,33.7,65.0,-0.93,-0.48,2002-06-20,20144
8,¼ö¾Æ·¹Áî,21L,23,0,0,22,10,2,0,0,115.1,33,28,473,91,16,2,4,41,0,4,126,0,2,2.18,2.77,1.15,197.4,157.7,4.44,2.60,1992-09-11,20145
209,½º¹Ì½º,21Å°,2,0,0,2,1,0,0,0,10.0,7,7,43,9,2,0,1,5,0,0,5,0,0,6.30,5.13,1.40,70.4,84.4,-0.08,-0.14,1987-08-07,20146
22,½ºÆ®·¹ÀÏ¸®,21·Ô,31,0,0,31,10,12,0,0,165.2,85,75,714,162,25,2,12,66,0,8,164,1,8,4.07,3.63,1.38,111.5,122.8,3.02,0.14,1988-12-01,20147
28,½Å¹ÎÇõ,21N,30,0,0,25,9,6,0,0,145.0,75,71,625,155,28,3,17,44,0,5,107,2,2,4.41,4.40,1.37,103.0,102.9,2.66,0.11,1999-02-04,20148
162,½ÅÀç¿µ,21S,20,0,0,1,0,0,0,0,28.1,18,18,124,35,5,1,3,2,0,4,27,0,1,5.72,3.44,1.31,78.5,133.3,0.05,-0.54,1989-11-18,20149
142,½ÅÀç¿õ,21S,8,0,0,0,0,0,0,0,8.1,4,4,37,6,1,0,0,5,0,0,9,1,0,4.32,2.97,1.32,103.9,151.0,0.11,0.03,1982-03-28,20150
304,½ÅÁ¤¶ô,21ÇÑ,20,0,0,0,0,2,0,2,20.0,24,19,102,25,6,1,3,15,2,3,14,0,0,8.55,6.28,2.00,51.2,71.0,-1.08,-0.78,1987-05-13,20151
213,½ÅÁöÈÄ,21ÇÑ,2,0,0,0,0,0,0,0,0.1,2,0,3,0,0,0,0,1,0,0,0,0,0,0.00,12.33,3.00,,36.4,-0.09,-0.01,2001-06-12,20152
61,½ÉÀç¹Î,21K,28,0,0,2,0,1,0,1,46.2,15,15,189,41,4,0,4,11,1,0,35,0,0,2.89,3.59,1.11,155.3,123.8,1.16,-0.07,1994-02-18,20153
132,½ÉÃ¢¹Î,21»ï,59,0,0,0,3,2,0,16,51.1,32,29,238,47,12,0,8,32,0,6,58,1,2,5.08,5.32,1.54,88.8,85.3,0.15,-0.43,1993-02-01,20154
90,¾È¿µ¸í,21K,35,0,0,0,0,1,0,4,35.1,17,16,145,24,3,0,2,11,0,1,32,0,0,4.08,3.28,0.99,110.2,135.9,0.51,-0.13,1984-11-19,20155
31,¾È¿ìÁø,21Å°,21,0,0,21,7,8,0,0,107.2,47,39,450,88,15,1,13,41,1,7,110,1,5,3.26,4.17,1.20,136.0,102.7,2.46,0.55,1999-08-30,20156
181,¾ÈÀÎ»ê,21N,7,0,0,0,0,0,0,0,6.2,5,4,34,3,1,0,0,7,0,3,9,0,3,5.40,5.13,1.50,84.1,87.1,0.01,-0.08,2001-02-27,20157
245,¾ç¼±·ü,21S,1,0,0,1,0,1,0,0,1.0,3,3,10,3,0,0,0,3,0,1,1,0,1,27.00,13.33,6.00,16.6,33.8,-0.19,-0.28,1997-04-15,20158
236,¾çÃ¢¼·,21»ï,9,0,0,0,1,1,0,1,15.0,11,11,73,21,5,0,3,8,0,0,13,0,1,6.60,5.80,1.93,68.4,78.7,-0.16,-0.40,1999-09-22,20159
182,¾çÇö,21Å°,45,0,0,0,1,2,0,5,48.0,31,25,225,59,11,0,3,26,4,1,22,0,1,4.69,4.67,1.77,94.6,93.4,0.01,-0.52,1992-08-23,20160
71,¾ö»ó¹é,21K,10,0,0,9,4,1,0,0,52.2,24,24,228,41,10,0,7,28,0,3,45,0,0,4.10,5.12,1.31,109.5,86.7,0.94,0.03,1996-10-04,20161
189,¿Àµ¿¿í,21ÇÑ,34,0,0,0,0,1,0,2,25.0,17,15,117,21,9,0,3,16,0,5,13,0,0,5.40,6.37,1.48,81.1,70.0,-0.00,-0.32,2001-02-01,20162
196,¿À¼®ÁÖ,21L,9,0,0,0,0,0,0,0,8.1,6,6,38,9,1,0,0,6,0,0,7,0,0,6.48,3.81,1.80,66.6,116.4,-0.03,-0.05,1998-04-14,20163
21,¿À½ÂÈ¯,21»ï,64,0,0,0,0,2,44,0,62.0,17,14,252,56,15,3,3,16,3,2,57,0,2,2.03,2.85,1.16,222.1,157.9,3.03,4.31,1982-07-15,20164
301,¿À¿ø¼®,21S,33,0,0,21,7,6,0,2,110.0,84,72,530,125,20,3,11,73,1,10,95,1,2,5.89,5.14,1.80,76.2,88.2,-1.00,-2.81,2001-04-23,20165
173,¿ÀÀ±¼®,21·Ô,1,0,0,0,0,0,0,0,0.2,0,0,2,0,0,0,0,0,0,0,0,0,0,0.00,3.33,0.00,,133.6,0.03,0.00,1992-02-24,20166
291,¿ÀÁÖ¿ø,21Å°,21,0,0,0,1,1,1,0,18.1,20,20,89,33,8,0,3,4,1,0,9,0,1,9.82,4.97,2.02,45.2,86.0,-0.68,-0.89,1985-03-31,20167
220,¿ÀÇöÅÃ,21·Ô,20,0,0,0,0,1,0,1,16.1,13,12,87,28,7,0,2,8,2,1,8,0,0,6.61,5.23,2.20,68.7,85.2,-0.12,-0.80,1985-07-17,20168
5,¿äÅ°½Ã,21Å°,31,0,0,31,16,9,0,0,181.1,71,59,739,171,24,0,12,46,2,4,131,0,9,2.93,3.54,1.20,151.4,122.4,4.68,1.62,1989-07-29,20169
66,¿ì±Ô¹Î,21»ï,60,0,0,0,3,3,2,24,49.0,22,18,213,58,4,1,5,9,1,2,35,0,1,3.31,3.84,1.37,136.5,118.1,1.02,-0.84,1985-01-21,20170
73,¿øÁ¾Çö,21N,61,0,0,0,2,2,14,6,53.0,27,25,245,67,9,0,5,23,2,3,45,0,4,4.25,4.22,1.70,107.0,107.0,0.92,-1.58,1987-07-31,20171
4,¿øÅÂÀÎ,21»ï,26,0,0,26,14,7,0,0,158.2,59,54,655,147,32,1,11,51,1,5,129,1,5,3.06,3.65,1.25,147.4,123.4,4.76,2.41,2000-04-06,20172
223,À¯¿ø»ó,21K,11,0,0,0,1,1,0,1,13.0,10,9,60,15,2,0,0,6,0,0,13,0,3,6.23,2.72,1.62,72.1,164.4,-0.12,-0.08,1986-06-17,20173
210,À¯ÀçÀ¯,21µÎ,4,0,0,0,0,0,0,0,3.1,4,4,19,4,0,0,2,5,0,0,1,0,1,10.80,15.03,2.70,39.9,27.9,-0.09,-0.04,1997-03-03,20174
307,À¯Èñ°ü,21µÎ,15,0,0,15,4,7,0,0,63.0,57,54,314,107,14,3,10,24,0,3,23,0,0,7.71,5.95,2.08,55.9,71.8,-1.49,-1.98,1986-06-01,20175
47,À±´ë°æ,21ÇÑ,43,0,0,9,2,5,0,7,77.2,35,34,337,73,13,0,8,34,2,6,54,0,3,3.94,4.75,1.38,111.2,93.8,1.50,0.86,1994-04-09,20176
128,À±¸íÁØ,21µÎ,45,0,0,0,1,0,0,1,45.2,28,24,208,53,6,0,3,20,2,4,26,1,1,4.73,4.49,1.60,91.2,96.7,0.17,-0.44,1989-06-18,20177
188,À±»êÈì,21ÇÑ,5,0,0,0,0,0,0,0,3.0,2,2,19,7,0,0,0,2,0,2,2,0,0,6.00,6.00,3.00,73.0,74.3,-0.00,-0.06,1999-05-15,20178
166,À±¼ººó,21·Ô,1,0,0,0,0,0,0,0,1.0,0,0,5,0,0,0,0,1,0,0,0,0,0,0.00,6.33,1.00,,70.4,0.04,0.00,1999-02-26,20179
91,À±Á¤Çö,21Å°,10,0,0,0,0,0,0,1,12.1,2,2,53,11,2,0,0,5,0,1,7,0,0,1.46,3.66,1.30,303.8,121.2,0.44,0.08,1993-05-17,20180
57,À±ÁßÇö,21K,30,0,0,13,5,6,0,2,82.2,44,36,373,91,7,1,7,31,0,14,33,0,2,3.92,5.27,1.48,113.5,84.3,1.26,-0.31,1995-04-25,20181
115,À±È£¼Ö,21ÇÑ,55,0,0,0,3,0,0,8,48.2,29,25,214,41,13,2,7,30,1,3,42,0,3,4.62,5.45,1.46,94.7,81.8,0.27,0.63,1994-07-15,20182
281,ÀÌ°­ÁØ,21K·Ô,15,0,0,0,1,0,0,0,8.1,11,10,48,11,1,0,1,12,0,3,4,0,2,10.80,9.33,2.76,41.9,47.7,-0.43,-0.30,2001-12-14,20183
288,ÀÌ°Ç¿í,21S,5,0,0,4,0,1,0,0,12.2,16,16,72,16,4,0,4,19,0,1,5,0,0,11.37,11.39,2.76,39.5,39.9,-0.63,-0.90,1995-02-13,20184
250,ÀÌ±³ÈÆ,21µÎ,11,0,0,0,0,0,0,0,8.1,10,10,43,13,3,0,2,3,0,1,8,0,0,10.80,5.97,1.92,39.9,70.2,-0.21,-0.06,2000-05-29,20185
86,ÀÌ´ëÀº,21K,31,0,0,0,3,2,1,9,31.0,15,12,128,27,6,0,4,11,0,1,22,0,0,3.48,4.75,1.23,128.9,93.3,0.54,-0.14,1989-03-23,20186
305,ÀÌ¹Î¿ì,21K,16,1,0,12,1,6,0,0,57.0,53,51,275,78,12,3,8,31,0,5,28,1,2,8.05,6.07,1.91,55.2,73.0,-1.12,-1.84,1993-02-09,20187
52,ÀÌ¹ÎÈ£,21L,25,0,0,22,8,9,0,0,115.0,58,55,477,89,17,0,13,45,1,14,100,0,6,4.30,4.58,1.17,100.2,93.7,1.35,0.13,2001-08-30,20188
298,ÀÌº¸±Ù,21K,15,0,0,0,0,1,0,1,10.0,18,17,61,25,4,0,3,6,0,0,7,0,2,15.30,7.63,3.10,29.4,57.9,-0.88,-0.84,1986-04-30,20189
214,ÀÌ»ó±Ô,21L,7,0,0,0,0,0,0,0,6.0,6,6,29,8,2,0,1,2,0,1,4,0,0,9.00,5.67,1.67,47.9,75.1,-0.10,0.02,1996-10-20,20190
238,ÀÌ»óµ¿,21K,6,0,0,0,0,1,0,1,6.1,6,6,29,7,0,0,0,3,0,0,5,0,1,8.53,3.18,1.58,52.7,140.4,-0.17,-0.28,1995-11-24,20191
135,ÀÌ»ó¹Î,21»ï,30,0,0,0,1,1,0,3,24.2,15,13,110,28,6,1,2,14,0,0,14,0,1,4.74,4.95,1.70,95.2,90.8,0.13,0.31,1990-11-04,20192
113,ÀÌ»ó¿µ,21L,21,0,0,9,1,1,0,0,50.0,28,24,228,48,8,0,7,32,0,8,30,0,3,4.32,6.35,1.60,99.8,67.7,0.29,-0.34,2000-12-03,20193
302,ÀÌ½Â°ü,21ÇÑ,8,0,0,2,0,2,0,0,5.2,20,17,44,11,3,1,1,16,0,0,5,0,1,27.00,12.33,4.77,16.2,36.3,-1.04,-0.57,1999-12-01,20194
299,ÀÌ½Â¹Î,21»ï,11,0,0,11,1,4,0,0,35.2,34,34,173,50,6,1,6,18,0,3,22,0,0,8.58,6.05,1.91,52.6,75.1,-0.88,-1.17,2000-08-26,20195
279,ÀÌ½ÂÀç,21K,25,0,0,0,2,1,0,5,24.0,20,20,118,26,2,0,5,18,0,3,17,1,3,7.50,7.25,1.83,59.3,61.1,-0.41,-0.49,2000-10-04,20196
78,ÀÌ½ÂÁø,21µÎ,47,0,0,0,1,4,2,13,48.1,24,21,210,41,3,0,3,31,2,2,28,2,2,3.91,4.91,1.49,110.3,88.8,0.73,0.25,1995-01-07,20197
207,ÀÌ½ÂÇå,21N,5,0,0,0,0,0,0,0,5.1,5,4,27,9,3,0,0,1,0,0,7,0,0,6.75,1.27,1.88,67.3,350.0,-0.06,-0.03,1995-12-20,20198
187,ÀÌ½ÂÇå,21·Ô,16,0,0,12,0,3,0,0,57.2,39,37,278,65,10,0,2,43,0,7,32,1,11,5.77,5.28,1.87,78.7,84.6,-0.00,-0.93,1998-12-19,20199
283,ÀÌ½ÂÇö,21»ï,21,0,0,0,1,1,0,1,17.0,18,18,86,30,5,1,6,8,0,0,7,0,1,9.53,8.51,2.24,47.4,54.1,-0.45,-0.49,1991-11-20,20200
133,ÀÌ½ÂÇö,21»ï,41,0,0,0,1,4,0,7,39.1,24,23,174,35,8,0,3,23,0,3,46,0,5,5.26,3.97,1.48,85.8,113.2,0.14,-0.32,2002-05-19,20201
292,ÀÌ½ÂÈ£,21Å°,38,0,0,3,1,3,0,5,47.1,39,29,224,55,7,1,4,31,2,1,37,0,8,5.51,4.77,1.82,80.4,90.8,-0.68,-1.15,1999-02-08,20202
262,ÀÌ¿µÇÏ,21µÎ,35,0,0,11,5,6,1,2,78.2,58,55,364,81,18,0,9,57,0,1,53,0,7,6.29,5.68,1.75,68.5,75.8,-0.28,-1.63,1997-11-01,20203
227,ÀÌ¿ëÁØ,21N,2,0,0,0,0,0,0,0,1.2,4,4,12,3,0,0,0,4,0,0,1,0,2,21.60,9.33,4.20,21.0,48.4,-0.13,-0.02,2002-05-08,20204
41,ÀÌ¿ëÂù,21N,39,0,0,0,1,3,16,3,37.0,11,9,151,27,4,0,2,11,3,1,35,1,2,2.19,2.87,1.03,207.4,156.6,1.71,0.12,1989-01-02,20205
156,ÀÌ¿ì¼®,21N,10,0,0,0,1,0,0,0,9.2,6,6,49,13,4,0,1,7,0,3,8,0,0,5.59,6.13,2.07,81.3,73.5,0.06,0.06,1996-04-16,20206
263,ÀÌ¿ìÂù,21L,15,0,0,5,0,1,0,0,34.0,25,21,161,36,3,1,3,25,0,1,27,0,0,5.56,5.19,1.79,77.6,83.5,-0.28,-0.54,1992-08-04,20207
32,ÀÌÀÇ¸®,21K,19,0,0,19,4,5,0,0,94.2,42,38,404,69,11,0,6,56,0,2,93,0,5,3.61,4.03,1.32,123.1,111.0,2.36,0.31,2002-06-16,20208
55,ÀÌÀÎº¹,21·Ô,25,0,0,8,3,0,0,1,61.1,31,28,271,75,17,3,5,14,1,5,45,0,0,4.11,3.81,1.45,110.6,117.3,1.31,0.08,1991-06-18,20209
153,ÀÌÀçÀÍ,21»ï,11,0,0,0,2,0,0,0,10.0,6,5,51,11,0,0,1,12,1,0,5,0,0,4.50,6.93,2.30,100.3,65.1,0.07,-0.22,1994-03-18,20210
88,ÀÌÀçÇÐ,21N,17,2,1,17,6,6,0,0,83.0,50,48,370,74,16,1,14,52,0,6,65,0,3,5.20,6.06,1.52,87.2,74.8,0.53,-0.45,1990-10-04,20211
131,ÀÌÀçÈñ,21»ï,5,0,0,5,0,1,0,0,21.2,13,13,95,24,3,1,2,10,0,0,17,0,2,5.40,4.35,1.57,83.6,103.7,0.16,-0.06,2001-10-11,20212
40,ÀÌÁ¤¿ë,21L,66,0,0,0,3,3,0,15,69.2,25,23,284,55,13,2,4,23,1,1,74,0,0,2.97,2.95,1.12,145.2,146.9,1.88,1.11,1997-03-26,20213
243,ÀÌÁ¤Çö,21K,2,0,0,1,0,1,0,0,8.2,9,9,38,12,3,0,3,5,0,0,1,0,0,9.35,9.33,1.96,48.1,47.3,-0.19,-0.33,1997-12-05,20214
242,ÀÌÁ¾¹Î,21Å°,2,0,0,0,0,0,0,0,2.1,6,6,17,4,0,0,1,7,0,0,3,0,0,23.14,15.33,4.71,19.2,28.0,-0.18,-0.01,2001-06-04,20215
201,ÀÌÁØ¿µ,21K,50,0,0,1,3,2,1,9,35.2,25,22,159,30,5,0,3,19,1,0,26,0,3,5.55,4.48,1.37,80.1,99.1,-0.05,-0.65,1992-08-10,20216
202,ÀÌÂùÇõ,21L,1,0,0,0,0,0,0,0,1.0,2,2,6,1,1,0,0,2,0,0,2,0,1,18.00,5.33,3.00,24.0,82.9,-0.06,0.00,1998-08-19,20217
79,ÀÌÃ¢Àç,21K,32,0,0,0,2,0,0,0,26.2,8,8,108,22,5,0,0,10,2,0,19,0,0,2.70,2.81,1.20,166.4,158.6,0.68,0.23,1992-12-29,20218
230,ÀÌÃ¤È£,21S,3,0,0,0,0,0,0,0,5.0,7,4,27,8,0,0,2,3,0,0,3,0,1,7.20,9.13,2.20,62.3,50.2,-0.14,-0.01,1998-11-23,20219
280,ÀÌÃæÈ£,21ÇÑ,17,0,0,0,1,0,0,0,16.1,17,14,85,20,2,2,1,13,0,3,11,0,0,7.71,5.72,2.02,56.8,78.0,-0.43,-0.38,1994-09-20,20220
129,ÀÌÅÂ¾ç,21S,40,0,0,14,5,10,0,4,103.2,66,66,456,123,23,1,25,32,1,1,62,0,2,5.73,6.20,1.50,78.3,73.8,0.17,-1.18,1990-07-03,20221
67,ÀÌÇö½Â,21µÎ,38,0,0,0,5,1,0,7,23.1,6,5,90,16,2,0,1,6,1,0,20,0,0,1.93,2.82,0.94,223.7,154.5,0.97,0.89,1983-10-11,20222
199,ÀÌÇü¹ü,21µÎ,4,0,0,0,0,0,0,0,2.2,2,0,16,2,0,0,0,5,0,1,2,0,0,0.00,8.58,2.63,,51.4,-0.04,-0.55,1994-02-27,20223
235,ÀÓ±Ôºó,21Å°,5,0,0,0,0,0,0,0,8.2,10,10,43,13,6,0,3,4,0,0,6,0,0,10.38,7.83,1.96,42.7,53.9,-0.16,0.00,1991-09-12,20224
37,ÀÓ±â¿µ,21K,28,0,0,28,8,8,0,0,153.0,85,83,662,155,29,1,15,45,0,11,129,2,6,4.88,4.02,1.31,91.1,110.6,2.00,-0.13,1993-04-16,20225
114,ÀÓÁ¤È£,21N,60,0,0,0,0,4,0,12,34.2,20,16,165,37,4,1,2,25,2,3,24,0,0,4.15,4.95,1.79,109.3,91.0,0.27,-0.66,1990-04-16,20226
293,ÀÓÁØ¼·,21ÇÑ,13,0,0,0,0,0,0,0,10.2,18,13,64,19,5,0,1,8,0,4,11,1,1,10.97,5.86,2.53,39.9,76.0,-0.68,-0.23,1989-07-16,20227
81,ÀÓÁØÇü,21L,6,0,0,4,1,0,0,0,23.0,8,8,94,24,5,0,0,4,0,3,21,0,1,3.13,2.42,1.22,137.8,183.4,0.65,0.46,2000-11-16,20228
50,ÀÓÂù±Ô,21L,17,0,0,17,1,8,0,0,90.2,45,39,387,76,9,3,7,41,1,3,67,0,5,3.87,4.28,1.29,111.4,101.1,1.38,0.15,1992-11-20,20229
95,ÀÓÃ¢¹Î,21N,46,0,0,0,0,3,0,17,40.1,23,17,178,35,8,0,2,20,1,4,29,0,7,3.79,4.25,1.36,119.7,105.8,0.39,0.23,1985-08-25,20230
206,ÀÓÇöÁØ,21»ï,27,0,0,0,1,2,0,5,11.0,8,8,52,11,1,2,0,7,0,4,8,0,0,6.55,4.88,1.64,69.0,91.3,-0.06,-0.68,1988-12-21,20231
93,Àå¹Î±â,21K,21,0,0,0,2,1,0,2,23.1,11,9,114,13,3,1,1,29,0,4,22,0,2,3.47,6.25,1.80,128.1,71.7,0.43,-0.67,2001-12-30,20232
106,Àå¹ÎÀç,21ÇÑ,12,0,0,6,0,2,0,0,29.1,17,9,128,34,7,0,4,8,1,0,13,0,1,2.76,4.94,1.43,158.6,90.3,0.32,-0.01,1990-03-19,20233
306,Àå½ÃÈ¯,21ÇÑ,19,1,0,16,0,11,0,1,69.0,62,54,342,87,12,1,4,48,2,6,47,0,7,7.04,4.99,1.96,62.2,89.5,-1.38,-2.32,1987-11-01,20234
228,Àå¿õÁ¤,21ÇÑ,4,0,0,0,0,0,0,0,7.1,8,8,38,15,4,0,4,2,0,0,4,0,1,9.82,10.15,2.32,44.6,43.9,-0.13,-0.09,1997-04-11,20235
258,Àå¿øÁØ,21µÎ,32,0,0,0,0,1,1,4,18.2,15,14,95,20,3,0,1,18,0,2,8,0,1,6.75,6.39,2.04,63.9,68.5,-0.25,-0.30,1985-07-31,20236
287,ÀåÀç¿µ,21Å°,19,0,0,2,0,1,0,0,17.2,18,18,92,15,5,0,0,24,0,3,14,0,5,9.17,6.33,2.21,48.3,69.7,-0.54,-0.87,2002-05-10,20237
116,ÀåÁö¼ö,21K,9,0,0,0,0,0,0,0,14.1,6,5,67,9,2,0,1,13,0,3,5,0,1,3.14,6.89,1.54,141.6,64.7,0.26,-0.07,2000-05-25,20238
63,ÀåÁöÈÆ,21S,60,0,0,0,2,5,1,10,80.1,40,35,342,84,12,2,6,19,1,4,51,1,1,3.92,3.86,1.28,114.4,117.5,1.11,-0.67,1998-12-06,20239
282,ÀåÇÊÁØ,21»ï,41,0,0,0,0,0,0,2,34.2,30,28,174,46,8,1,4,27,1,1,24,0,4,7.27,5.78,2.11,62.1,78.1,-0.43,-0.68,1988-04-08,20240
25,ÀåÇö½Ä,21K,69,0,0,0,1,5,1,34,76.2,28,28,336,67,7,1,7,42,1,3,80,0,8,3.29,4.15,1.42,135.3,107.3,2.93,1.98,1995-02-24,20241
112,Àü»óÇö,21K,15,0,0,0,1,0,0,7,13.0,6,5,59,15,3,0,1,6,0,0,8,0,1,3.46,4.49,1.62,128.5,99.2,0.30,0.44,1996-04-18,20242
148,ÀüÀ¯¼ö,21K,11,0,0,0,1,0,0,0,10.2,6,4,46,9,1,0,1,6,0,0,9,0,0,3.38,4.55,1.41,133.1,97.6,0.09,-0.07,1986-11-29,20243
154,Á¤µ¿À±,21S,1,0,0,0,0,0,0,0,2.0,0,0,7,1,0,0,0,1,0,0,0,0,0,0.00,4.83,1.00,,92.2,0.07,0.00,1997-10-22,20244
232,Á¤¼ºÁ¾,21·Ô,12,0,0,0,0,0,0,0,12.0,12,11,65,19,1,0,2,8,0,1,4,0,2,8.25,7.08,2.25,55.1,63.1,-0.14,-0.10,1995-11-16,20245
260,Á¤¼ö¹Î,21S,10,0,0,7,1,2,0,0,30.1,24,23,151,34,5,1,6,27,1,1,22,0,1,6.82,7.12,2.01,65.8,63.8,-0.26,-0.59,1990-04-01,20246
195,Á¤¿µÀÏ,21S,1,0,0,0,0,0,0,0,2.0,2,2,9,4,1,0,1,0,0,0,0,0,0,9.00,9.83,2.00,49.9,46.7,-0.03,-0.00,1988-11-16,20247
268,Á¤¿ì¶÷,21ÇÑ,50,0,0,0,1,4,15,1,44.2,29,28,199,47,5,0,5,20,2,5,32,0,0,5.64,4.90,1.50,77.6,91.0,-0.30,-1.27,1985-06-01,20248
16,Á¤¿ì¿µ,21L,70,0,0,0,7,3,2,27,65.0,16,16,263,43,9,0,0,26,1,8,41,0,2,2.22,3.59,1.06,194.7,123.3,3.21,1.94,1999-08-19,20249
215,Á¤¿ìÁØ,21·Ô,6,0,0,0,0,0,0,0,5.2,6,6,29,6,2,0,1,5,0,2,4,0,0,9.53,7.92,1.94,47.7,56.5,-0.10,-0.19,2000-03-17,20250
193,Á¤ÀÎ¿í,21ÇÑ,8,0,0,1,0,0,0,0,9.1,6,5,44,6,1,0,2,10,0,0,6,0,0,4.82,8.05,1.71,90.8,55.4,-0.02,-0.19,1990-12-18,20251
155,Á¤ÁøÈ£,21ÇÑ,3,0,0,0,0,0,0,0,1.2,0,0,6,1,0,0,0,1,0,0,0,0,0,0.00,5.13,1.20,,87.0,0.06,0.00,1988-10-02,20252
43,Á¤ÂùÇå,21LÅ°,23,1,1,23,9,5,0,0,114.1,55,51,497,133,23,2,6,27,0,6,59,0,3,4.01,3.85,1.40,108.9,113.4,1.68,0.71,1990-01-26,20253
13,Á¤ÇØ¿µ,21K,64,0,0,0,5,4,34,0,65.1,18,16,272,49,10,0,5,28,1,4,49,0,1,2.20,4.25,1.18,201.8,104.7,3.79,2.88,2001-08-23,20254
257,Á¶º´Çö,21S,3,0,0,3,0,0,0,0,6.2,7,6,33,7,3,0,1,5,0,1,8,0,1,8.10,5.58,1.80,55.4,81.8,-0.22,-0.45,2002-05-08,20255
59,Á¶»ó¿ì,21Å°,44,0,0,0,6,5,15,5,44.0,18,17,187,30,5,0,4,19,2,2,47,0,2,3.48,3.67,1.11,127.5,116.9,1.19,1.02,1994-09-04,20256
170,Á¶¿µ°Ç,21Å°,1,0,0,0,0,0,0,0,1.0,0,0,6,1,0,0,0,2,0,0,3,0,0,0.00,3.33,3.00,,128.9,0.04,-0.00,1999-02-04,20257
216,Á¶¿µ¿ì,21S,30,0,0,8,4,8,1,0,66.2,46,42,291,74,10,2,10,26,0,0,48,0,3,5.67,5.01,1.50,79.1,90.8,-0.10,-0.32,1995-06-27,20258
205,Á¶¿äÇÑ,21S,6,0,0,0,0,0,0,1,7.0,6,6,38,10,3,0,0,9,0,0,4,0,0,7.71,6.05,2.71,58.2,73.9,-0.06,-0.23,2000-01-06,20259
275,Á¶Á¦¿µ,21µÎ,6,0,0,1,0,1,0,0,10.2,13,13,60,18,3,0,1,10,1,1,5,0,1,10.97,6.43,2.63,39.3,67.5,-0.38,-0.43,2001-02-12,20260
75,Á¶Çö¿ì,21K,49,0,0,0,0,0,0,6,31.0,10,9,126,26,5,1,0,7,1,1,13,0,2,2.61,3.17,1.07,171.9,140.3,0.88,0.73,1994-03-30,20261
51,ÁÖ±Ç,21K,62,0,0,0,3,4,0,27,49.0,19,18,208,48,7,1,3,19,2,1,19,0,1,3.31,4.46,1.37,135.9,99.5,1.37,0.65,1995-05-31,20262
64,ÁÖÇö»ó,21ÇÑ,43,0,0,0,2,2,0,4,50.1,21,20,218,46,6,3,6,21,2,1,33,0,6,3.58,4.76,1.33,122.5,93.6,1.04,-0.26,1992-08-10,20263
147,Áö¸í¼º,21K,3,0,0,0,1,0,0,0,4.0,1,0,16,1,0,0,0,1,0,1,4,0,0,0.00,2.83,0.50,,156.7,0.09,0.02,2002-02-15,20264
117,Áø¸íÈ£,21·Ô,33,0,0,0,2,2,0,3,24.1,14,13,107,20,5,0,3,14,0,2,24,0,1,4.81,4.94,1.40,94.5,90.5,0.25,-0.65,1989-03-20,20265
74,ÁøÇØ¼ö,21L,50,0,0,0,1,0,0,5,44.1,17,12,188,41,4,0,2,18,1,3,39,0,1,2.44,3.51,1.33,177.1,124.1,0.89,-0.19,1986-06-26,20266
234,Â÷¸íÁø,21K,4,0,0,3,0,1,0,0,10.2,9,9,57,12,3,0,1,13,0,1,6,0,0,7.59,7.36,2.34,58.6,60.5,-0.16,-0.41,1995-03-03,20267
208,Â÷¿ìÂù,21L,5,0,0,5,2,1,0,0,22.1,14,13,99,16,3,0,2,13,0,3,12,0,0,5.24,5.57,1.30,82.3,77.8,-0.08,-0.36,1987-05-31,20268
121,Ã¤Áö¼±,21L,14,0,0,0,0,0,0,0,17.1,8,6,87,15,5,0,0,20,0,0,18,2,2,3.12,4.72,2.02,138.5,93.9,0.24,-0.10,1995-07-11,20269
94,ÃÖ±Ý°­,21N,20,0,0,0,2,1,1,0,28.0,14,14,129,29,6,0,4,17,0,2,25,0,3,4.50,5.44,1.64,100.9,83.2,0.41,-0.36,1989-04-26,20270
237,ÃÖµ¿È¯,21L,8,0,0,0,0,0,0,0,5.2,6,6,28,6,1,0,0,4,0,2,2,0,0,9.53,5.80,1.77,45.3,76.1,-0.16,0.00,1989-09-19,20271
177,ÃÖ¹ÎÁØ,21S,38,0,0,12,3,3,0,4,86.0,56,56,398,93,17,0,11,50,0,7,62,1,5,5.86,5.54,1.66,76.6,81.9,0.02,-1.71,1999-06-11,20272
72,ÃÖ¼ºÈÆ,21L,46,0,0,0,1,1,0,3,40.2,14,11,179,40,7,1,2,19,1,1,33,0,0,2.43,3.75,1.45,177.2,116.2,0.92,-0.22,1989-10-11,20273
160,ÃÖ¼¼Ã¢,21µÎ,1,0,0,0,0,0,0,0,1.1,0,0,5,1,0,0,0,1,0,0,0,0,0,0.00,5.58,1.50,,79.4,0.05,0.00,2001-06-01,20274
144,ÃÖ½Â¿ë,21µÎ,15,0,0,2,0,0,0,2,18.1,10,8,83,20,3,1,3,10,0,1,16,0,0,3.93,5.51,1.64,109.8,77.2,0.11,-0.27,2001-05-11,20275
200,ÃÖ¿µÈ¯,21·Ô,20,0,0,7,1,2,0,0,40.2,30,28,181,45,10,0,4,24,0,2,28,0,4,6.20,5.15,1.70,73.3,86.7,-0.05,-0.58,1992-02-20,20276
278,ÃÖ¿ëÁØ,21K,3,0,0,2,0,1,0,0,6.1,10,10,39,11,4,1,3,7,0,1,6,0,0,14.21,11.39,2.84,31.3,38.7,-0.40,-0.41,2001-12-19,20277
9,ÃÖ¿øÁØ,21µÎ,29,0,0,29,12,4,0,0,158.1,65,58,673,160,31,4,15,37,1,10,113,0,0,3.30,4.01,1.24,130.8,107.1,4.16,1.17,1994-12-21,20278
85,ÃÖ¿øÅÂ,21Å°,28,0,0,28,9,11,0,0,143.1,89,73,643,163,21,3,11,53,2,10,93,0,3,4.58,4.31,1.51,96.7,100.8,0.55,-0.71,1997-01-07,20279
180,ÃÖÁ¤¿ë,21K,1,0,0,0,0,0,0,0,0.1,0,0,2,1,0,1,0,0,0,0,0,0,0,0.00,3.33,3.00,,133.6,0.01,-0.00,1996-10-24,20280
39,ÃÖÁØ¿ë,21·Ô,44,0,0,0,4,2,1,20,47.1,16,15,195,41,7,0,6,16,3,1,45,0,1,2.85,3.97,1.20,159.4,112.5,1.94,2.28,2001-10-10,20281
99,ÃÖÁö±¤,21»ï,60,0,0,0,7,1,0,14,51.1,30,28,231,53,11,2,5,27,0,2,49,0,2,4.91,4.38,1.56,91.9,102.9,0.35,0.15,1998-03-13,20282
46,ÃÖÃ¤Èï,21»ï,26,1,0,20,5,9,0,2,122.1,66,62,538,143,21,2,16,37,1,2,82,1,4,4.56,4.62,1.47,99.0,98.3,1.55,-0.37,1995-01-22,20283
168,ÃßÀçÇö,21·Ô,1,0,0,0,0,0,0,0,1.0,0,0,4,0,0,0,0,2,0,0,0,0,0,0.00,9.33,2.00,,47.8,0.04,0.00,1999-02-22,20284
36,Ä«ÆæÅÍ,21ÇÑ,31,0,0,30,5,12,0,0,170.0,90,75,746,150,21,3,16,72,0,19,179,1,7,3.97,4.06,1.31,110.3,109.7,2.02,0.53,1990-08-22,20285
3,ÄÌ¸®,21L,30,0,0,30,13,8,0,0,177.0,64,62,744,160,25,0,12,60,3,11,142,1,7,3.15,3.76,1.24,136.8,115.1,4.97,1.61,1989-10-04,20286
38,Äí¿¡¹Ù½º,21K,23,1,1,23,9,4,0,0,133.1,68,61,580,131,21,3,11,51,0,3,137,0,6,4.12,3.57,1.37,109.1,124.8,1.94,0.02,1990-10-14,20287
15,Å·¾ö,21ÇÑ,25,0,0,25,10,8,0,0,144.0,58,51,591,117,22,0,11,41,1,5,131,2,4,3.19,3.44,1.10,137.4,129.2,3.72,1.60,1991-11-08,20288
14,ÆÄ½¼½º,21N,24,1,0,24,4,8,0,0,133.0,56,55,577,109,16,2,9,63,0,11,148,1,10,3.72,3.66,1.29,122.0,123.3,3.73,0.50,1992-09-06,20289
23,ÆùÆ®,21S,26,0,0,26,8,5,0,0,145.2,66,56,604,114,22,1,12,45,1,6,157,1,2,3.46,3.28,1.09,129.7,139.2,2.95,0.56,1990-05-24,20290
77,ÇÁ¶ûÄÚ,21·Ô,37,0,0,27,9,8,0,1,150.0,97,90,677,147,31,2,20,75,0,20,124,1,6,5.40,5.31,1.48,84.2,84.1,0.76,-1.27,1992-12-29,20291
111,ÇÏÀçÈÆ,21S,18,0,0,0,1,0,0,2,18.0,8,8,88,16,0,1,1,16,2,3,8,0,2,4.00,6.00,1.78,112.2,75.2,0.30,-0.11,1990-10-29,20292
217,ÇÏÁØÈ£,21K,10,0,0,0,0,0,0,0,12.0,10,9,56,16,1,1,2,6,0,0,10,0,1,6.75,5.33,1.83,66.5,83.1,-0.11,-0.20,1989-04-29,20293
246,ÇÑ½ÂÇõ,21·Ô,7,0,0,0,0,0,0,0,4.0,6,6,25,6,1,0,1,5,0,1,5,0,2,13.50,8.58,2.75,33.7,52.1,-0.19,-0.21,1996-05-20,20294
146,ÇÑ½ÂÇõ,21K,8,0,0,5,0,3,0,0,23.2,15,12,103,25,5,1,0,10,0,2,17,0,2,4.56,3.42,1.48,97.4,131.4,0.09,-0.33,1993-01-03,20295
253,ÇÑÂ÷Çö,21K,3,0,0,0,0,0,0,0,3.2,8,8,23,10,0,0,3,2,0,0,3,0,0,19.64,13.97,3.27,22.9,31.6,-0.22,0.00,1998-11-30,20296
49,ÇÑÇöÈñ,21Å°,18,0,0,15,6,2,0,1,85.2,42,37,372,86,20,0,4,30,0,6,61,0,3,3.89,3.78,1.35,114.1,115.7,1.39,0.47,1993-06-25,20297
127,ÇÔ´öÁÖ,21L,16,0,0,3,1,2,0,1,21.0,11,10,98,20,2,1,2,13,1,3,18,0,2,4.29,5.00,1.57,100.6,86.3,0.20,-0.43,1995-01-13,20298
259,ÇãÀ±µ¿,21»ï,1,0,0,1,0,1,0,0,3.2,6,5,22,8,2,0,1,1,0,1,3,0,0,12.27,6.88,2.46,36.8,66.8,-0.25,-0.38,2001-06-19,20299
277,ÇöµµÈÆ,21µÎ,5,0,0,2,0,0,0,0,8.2,12,12,46,9,1,0,1,13,0,0,9,0,1,12.46,7.26,2.54,34.6,59.7,-0.40,-0.29,1993-01-13,20300
26,È«°ÇÈñ,21µÎ,65,0,0,0,6,6,3,17,74.1,23,23,303,65,11,0,3,27,0,0,82,1,7,2.78,2.74,1.24,154.9,158.9,2.92,0.60,1992-09-29,20301
197,È«¹Î±â,21·Ô,1,0,0,0,0,0,0,0,0.1,1,1,3,0,0,0,0,2,0,0,0,0,0,27.00,21.33,6.00,16.8,20.9,-0.04,-0.01,2001-07-20,20302
89,È«»ó»ï,21K,49,0,0,0,4,1,0,12,36.0,19,19,160,33,9,0,6,19,2,3,33,0,3,4.75,5.33,1.44,93.6,82.8,0.51,0.40,1990-02-13,20303
68,È«¼º¹Î,21N,53,0,0,0,3,4,0,14,41.1,19,18,185,53,9,0,3,12,1,2,26,1,2,3.92,3.96,1.57,115.8,113.7,0.95,-0.06,1989-07-15,20304
108,È«Á¤¿ì,21»ï,15,0,0,0,2,0,0,0,15.2,6,6,64,14,3,1,3,4,0,0,12,0,1,3.45,5.06,1.15,131.0,90.5,0.31,-0.22,1996-03-16,20305
203,È²¿µ±¹,21ÇÑ,18,0,0,0,0,2,0,2,14.2,10,9,71,16,1,0,0,10,0,1,15,0,2,5.52,3.54,1.77,79.3,126.2,-0.06,-0.60,1995-12-26,20306
192,È²À±È£,21K,1,0,0,0,0,0,0,0,0.2,1,0,4,2,0,0,0,0,0,0,0,0,0,0.00,3.33,3.00,,133.6,-0.02,0.00,1993-09-22,20307
